Q/F,24,48,72,96,120,144,168,192,216,240,264,288,312,336,360,384,408,432,456,480,504,528,552,576,600,624,648,672,696,720,744,768,792,816,840,864,888,912,936,960,984,1008,1032,1056,1080,1104,1128,1152,1176,1200,1224,1248,1272,1296,1320,1344,1368,1392,1416,1440,1464,1488,1512,1536,1560,1584,1608,1632,1656,1680,1704,1728,1752,1776,1800,1824,1848,1872,1896,1920
24,1.751178%,3.402351%,5.243129%,7.362073%,9.608714%,11.526837%,12.646362%,14.515009%,17.204751%,17.686714%,19.774818%,21.449930%,24.229716%,24.627225%,29.209499%,28.955352%,32.233416%,33.615366%,35.405230%,35.234813%,37.944642%,38.984749%,34.727424%,34.882483%,44.920661%,45.616093%,47.375347%,49.675236%,48.406815%,44.526708%,50.666962%,45.663704%,56.231124%,56.113086%,58.329662%,59.577026%,58.202792%,60.390602%,64.105164%,68.055317%,72.987388%,74.330673%,73.882542%,71.714086%,77.470117%,71.049543%,77.088137%,81.493067%,77.934221%,80.674684%,77.541318%,85.229574%,83.595742%,84.915396%,88.754832%,82.242469%,84.460859%,84.075344%,92.886625%,94.117647%,90.751741%,83.496010%,93.082402%,82.089926%,86.513578%,95.767609%,93.596057%,89.711920%,106.460090%,95.860361%,96.484205%,102.501172%,97.333840%,101.299531%,109.336761%,101.162841%,108.635239%,104.619407%,108.387083%,112.347583%
48,3.660730%,6.682663%,11.457193%,14.856989%,18.146151%,19.180759%,22.986442%,29.839239%,31.844867%,38.917875%,38.638505%,41.276568%,42.982746%,50.243108%,51.513229%,53.860454%,60.070568%,62.249555%,62.931272%,59.338641%,73.129508%,71.446014%,83.420751%,83.107139%,79.717253%,94.726824%,90.920252%,95.446072%,93.230755%,98.877808%,114.874299%,98.154462%,110.122956%,112.020592%,116.190859%,118.680427%,129.232879%,120.709391%,130.269345%,117.435850%,134.301454%,140.451255%,122.229003%,133.053448%,134.567911%,136.649188%,140.206818%,139.137393%,146.737120%,158.700311%,152.403557%,165.806895%,152.052578%,166.348035%,157.928460%,175.365702%,163.728703%,161.940273%,148.184848%,157.011333%,171.810348%,162.305048%,175.618281%,176.418887%,185.712818%,182.964070%,171.198076%,189.138755%,165.591332%,166.154581%,189.129182%,171.034933%,176.682407%,191.921384%,185.453641%,206.803271%,190.206929%,192.774806%,189.501400%,198.405634%
72,5.266153%,10.391081%,16.780955%,21.830094%,28.804087%,32.241870%,38.238805%,44.203956%,47.702577%,52.784049%,57.582823%,50.275832%,64.838116%,73.016651%,80.004028%,80.889202%,84.958931%,95.146162%,103.361626%,103.435040%,106.809126%,121.682205%,116.641537%,113.257284%,117.713597%,117.564805%,137.019838%,135.175216%,132.383950%,137.733073%,154.496077%,150.374161%,151.771158%,150.971614%,128.882848%,167.113780%,164.661388%,177.473628%,181.848262%,184.313365%,187.015486%,188.114905%,197.409243%,196.864759%,184.242127%,199.668989%,197.994874%,215.984181%,206.420188%,203.479284%,207.198355%,204.780835%,217.523240%,212.670834%,216.927891%,220.422158%,238.542242%,236.373735%,231.192324%,239.446384%,244.875771%,200.154619%,238.002089%,245.103938%,247.454876%,232.723711%,265.754925%,268.875720%,243.649874%,242.314336%,245.099314%,258.824704%,270.487987%,265.635778%,255.407643%,285.817819%,275.310040%,258.458671%,282.301704%,275.102938%
96,6.798833%,14.180919%,20.989903%,28.764348%,38.321250%,40.643119%,48.925656%,56.878257%,65.622875%,66.950896%,75.789672%,88.639942%,90.970128%,95.435535%,102.729362%,109.667652%,116.703176%,118.177078%,128.198483%,123.585426%,134.279219%,135.540057%,146.667110%,160.311020%,163.688534%,164.094388%,167.758931%,175.576002%,183.240775%,191.737160%,183.439991%,192.376487%,182.852113%,200.991700%,219.668301%,220.959174%,229.524782%,218.331272%,220.807710%,239.466462%,224.960583%,236.460677%,249.987344%,228.486523%,259.025926%,265.401313%,253.185222%,262.889320%,279.751263%,264.677108%,238.057215%,258.171182%,279.647709%,272.840983%,282.944695%,282.801200%,280.488288%,296.764012%,279.875170%,270.915398%,317.031350%,289.907707%,332.517800%,326.825623%,296.488003%,330.931958%,314.436618%,310.419115%,319.017759%,331.542949%,319.437142%,311.584360%,325.103164%,325.949589%,320.240514%,330.938291%,320.150720%,322.919559%,356.694526%,377.494125%
120,8.994638%,16.913217%,25.784243%,36.524317%,42.194580%,55.017414%,59.969446%,72.206027%,79.025083%,82.879054%,85.653496%,102.879016%,103.473900%,117.906825%,129.244336%,131.112837%,136.667106%,147.848923%,147.623053%,162.503657%,172.841729%,175.828018%,175.119264%,183.146307%,187.327216%,195.331147%,196.729337%,208.194462%,214.787987%,238.752766%,230.676216%,245.013566%,249.104584%,232.115023%,257.890460%,259.805184%,274.709578%,259.140372%,268.225464%,270.824003%,272.322407%,270.509961%,294.103372%,274.414457%,279.894829%,311.769456%,293.021381%,317.242032%,299.654814%,310.729640%,324.346750%,325.811612%,331.915560%,325.863404%,330.221222%,337.754609%,346.238582%,326.161333%,359.863241%,341.737596%,354.094539%,374.958363%,382.212701%,373.130674%,368.931149%,379.062283%,354.625986%,375.614949%,368.137029%,348.683696%,389.316640%,386.656653%,396.584355%,384.184824%,375.585018%,397.578211%,393.201424%,405.271698%,419.120436%,417.602233%
144,10.721129%,19.821689%,25.473435%,42.015859%,43.432527%,60.034427%,70.441790%,88.367965%,91.474702%,106.203807%,105.976714%,118.134977%,130.643365%,140.028033%,151.049694%,165.871371%,154.479625%,160.323182%,145.030780%,191.802703%,190.589299%,204.760599%,217.316819%,211.712106%,236.615049%,225.776573%,226.009145%,240.754036%,259.224414%,224.155858%,256.592738%,261.670202%,287.462641%,261.347590%,296.803128%,289.570897%,313.181484%,297.629514%,320.571103%,308.193925%,309.302123%,335.422183%,326.921744%,309.881413%,321.011707%,342.201235%,348.274535%,338.093790%,347.949368%,326.911105%,331.920600%,353.368892%,370.635839%,359.885583%,396.967453%,408.727399%,401.424401%,382.294505%,397.161877%,394.294509%,398.461513%,399.851785%,418.068128%,409.850322%,409.586557%,375.513258%,405.222787%,440.742645%,408.639533%,454.045106%,420.094203%,414.203152%,431.000176%,432.294418%,439.699412%,449.555926%,463.661908%,480.309334%,456.489783%,439.409020%
168,12.005306%,24.113489%,36.012118%,48.733836%,62.733859%,66.309723%,82.618764%,87.676461%,108.878930%,116.588675%,127.083390%,136.476432%,149.499044%,156.882690%,146.894544%,187.713082%,188.746210%,195.495155%,163.800064%,210.170045%,223.562523%,226.982150%,233.546091%,255.953278%,255.317330%,270.800145%,270.015445%,276.610416%,275.262378%,312.921547%,306.732974%,303.880512%,288.533037%,340.281986%,330.053584%,337.345869%,303.532299%,307.876750%,336.779071%,356.147663%,320.444286%,367.084312%,363.475842%,358.764336%,365.464703%,359.903641%,377.500029%,395.721482%,415.890331%,422.510471%,395.625374%,404.648466%,408.442709%,430.678324%,422.783827%,431.031811%,433.770704%,392.520894%,382.144678%,411.077399%,412.053795%,436.184187%,465.692944%,458.417661%,405.970829%,469.184076%,454.223684%,445.020788%,473.919323%,475.781234%,479.796967%,475.071370%,498.311389%,485.595510%,480.885631%,493.559253%,458.791150%,480.705569%,535.483822%,534.190861%
192,13.072681%,28.382817%,40.726254%,52.797680%,70.737976%,81.274231%,91.414968%,105.821678%,113.782753%,140.010574%,140.672296%,153.962132%,167.403462%,194.035970%,191.244485%,203.755857%,209.976012%,217.974650%,244.394990%,240.899728%,248.252455%,255.755264%,268.034354%,278.397463%,264.007910%,260.081911%,277.584439%,316.032981%,293.888134%,329.211933%,324.927688%,337.267098%,330.387711%,335.516885%,366.285829%,376.246609%,360.361903%,357.730628%,359.762311%,386.202410%,393.803516%,413.418212%,383.753739%,378.300108%,399.051157%,421.608825%,427.598880%,419.858693%,424.589452%,422.812321%,453.787318%,453.195360%,457.048537%,458.936526%,463.373037%,472.035552%,472.349409%,470.381540%,441.480908%,459.297809%,488.678933%,487.671017%,477.356897%,465.543405%,488.956514%,504.352406%,529.510055%,489.185291%,508.199703%,497.824881%,467.905407%,520.578856%,510.476583%,527.479259%,527.026100%,530.913955%,556.295643%,525.090949%,551.192364%,576.655213%
216,15.233603%,32.523959%,45.812759%,51.890918%,72.180715%,86.699203%,95.779745%,126.045995%,129.389876%,143.285290%,151.529178%,174.303550%,186.040156%,189.971750%,193.746228%,232.209541%,223.709017%,232.273241%,258.431549%,241.783045%,285.098948%,276.775647%,289.691309%,306.949041%,285.661267%,317.814881%,323.689095%,329.852910%,353.204711%,333.460509%,356.689891%,359.185635%,370.535495%,375.121511%,403.492532%,400.970876%,423.376038%,381.919127%,418.252464%,393.885009%,440.316683%,454.907860%,456.392802%,425.371545%,432.758831%,440.789437%,440.679392%,460.062941%,437.674839%,450.717157%,495.523571%,504.659965%,470.982705%,470.198602%,482.423080%,504.923556%,535.978326%,510.102425%,486.719752%,519.916694%,535.883416%,512.474207%,541.309810%,527.122906%,521.359971%,521.805671%,548.962407%,564.401921%,544.773709%,535.062614%,547.618483%,484.629054%,610.635437%,590.343587%,563.204770%,561.156728%,553.551221%,596.474167%,576.330721%,642.310907%
240,16.381396%,35.165117%,48.244868%,67.863745%,85.987700%,94.999242%,113.067546%,129.968618%,147.469213%,172.682738%,168.289954%,187.699721%,194.942793%,216.429259%,244.429392%,242.844650%,262.167622%,265.543460%,255.417804%,280.647517%,299.609744%,299.076935%,320.418663%,309.325193%,339.580344%,344.869722%,332.671819%,360.231175%,364.299559%,372.771953%,386.811559%,409.585665%,373.864588%,389.514204%,397.025704%,449.253803%,447.459068%,425.356395%,421.134033%,448.835559%,454.140473%,503.078345%,473.353613%,469.821589%,486.302343%,493.370095%,489.027831%,506.104411%,499.144648%,483.819147%,522.995380%,513.972038%,497.821176%,533.070774%,527.336216%,531.851187%,553.991065%,554.052419%,537.636131%,547.509488%,550.677577%,568.058858%,561.362962%,582.708488%,554.491386%,587.112607%,556.020953%,586.587143%,545.891137%,582.790919%,607.054132%,592.625300%,599.079646%,607.588603%,608.249061%,581.489963%,602.129845%,656.805556%,614.557762%,670.208971%
264,18.207554%,37.894942%,58.815271%,75.360318%,102.247373%,109.119267%,127.375941%,141.410570%,165.979560%,188.215374%,188.103746%,208.497353%,213.520288%,247.670991%,258.740031%,265.942105%,268.658434%,284.237620%,308.421586%,323.147166%,310.527619%,316.098298%,331.608481%,340.437536%,387.928837%,368.227225%,349.683214%,358.569913%,380.945865%,411.355616%,424.201831%,422.658713%,414.638255%,419.611282%,421.267543%,434.545082%,457.084699%,444.807469%,373.074103%,444.538284%,467.319049%,511.193929%,481.865893%,479.835645%,514.985529%,525.338511%,519.985856%,543.692575%,526.001663%,543.998135%,546.335723%,527.286389%,548.375916%,571.012294%,550.324410%,574.877892%,558.623048%,602.519598%,574.381951%,568.025057%,537.090924%,600.298100%,588.709662%,581.043951%,551.210604%,585.583485%,582.089829%,621.213248%,585.661387%,610.155694%,608.359712%,628.044262%,651.911973%,622.826677%,659.449772%,605.805961%,656.799800%,655.442625%,677.510793%,674.738995%
288,20.435156%,38.185188%,60.577677%,86.399477%,101.210107%,108.144739%,131.544726%,154.300783%,157.485742%,194.027282%,192.470697%,216.895435%,227.273029%,235.342937%,226.204658%,273.871290%,272.460368%,286.198959%,295.829382%,333.447305%,354.570637%,323.195226%,345.111639%,381.040815%,367.679034%,403.094503%,389.836569%,386.723321%,415.096772%,407.529899%,445.983284%,438.116517%,427.509180%,447.279816%,437.202021%,497.578106%,460.896383%,453.389615%,492.022957%,489.071220%,527.354189%,494.124743%,510.975903%,520.172021%,545.496337%,533.568105%,563.574567%,539.281791%,529.240830%,575.861433%,575.983059%,550.942860%,579.201488%,583.694773%,569.873696%,574.072756%,599.295476%,580.030210%,586.995755%,587.472075%,630.808961%,609.286904%,630.735893%,644.968659%,626.508645%,634.601812%,626.174415%,631.926035%,657.330170%,624.274688%,630.151419%,675.264977%,683.098325%,670.090727%,672.814666%,649.186276%,675.902923%,672.840197%,700.090989%,676.899390%
312,21.518470%,43.007487%,69.064907%,87.793666%,113.825967%,127.598460%,142.361063%,150.952382%,180.596380%,219.396265%,206.987506%,231.624380%,258.497020%,254.698054%,267.289796%,285.014245%,290.892264%,317.037232%,328.777095%,359.174966%,358.758759%,340.782706%,358.396524%,325.082563%,382.073760%,398.207496%,400.031757%,395.357290%,414.811737%,440.342856%,459.491419%,464.670279%,467.591688%,435.217437%,493.862057%,530.548998%,517.473637%,463.983500%,500.800636%,533.199464%,518.900665%,515.307817%,530.150789%,541.107383%,591.604712%,556.636238%,562.805560%,592.734234%,575.785323%,567.493760%,583.951551%,580.493025%,597.654063%,579.828510%,578.454437%,590.755498%,629.251525%,638.955201%,590.200990%,615.978643%,646.288339%,671.414595%,660.673786%,663.385949%,647.232375%,678.437895%,668.961114%,678.923542%,693.279781%,694.661840%,675.599346%,693.382990%,674.829136%,665.371915%,678.502709%,679.369752%,727.275823%,692.576598%,697.829413%,699.432267%
336,21.328276%,39.136927%,65.862645%,96.320675%,115.926966%,123.079036%,155.129610%,178.360313%,208.505552%,218.984346%,223.452583%,249.004649%,257.821751%,278.861549%,306.406990%,318.077983%,330.897248%,345.181467%,359.722612%,379.819443%,382.696197%,363.734078%,382.877082%,404.219549%,417.379152%,439.483424%,432.587405%,425.621914%,466.858117%,463.123890%,481.177478%,488.493608%,469.945475%,494.430074%,519.104134%,521.982395%,537.219772%,528.239560%,511.562767%,538.007204%,536.370273%,568.537045%,546.684013%,566.135480%,595.525985%,584.405997%,625.444901%,602.373505%,612.812405%,592.454797%,632.034288%,629.382945%,646.794465%,604.625698%,618.800556%,650.007651%,627.374867%,635.079826%,569.720018%,635.859815%,612.232382%,678.188642%,662.524843%,706.028469%,699.777640%,671.507656%,685.061053%,716.874323%,692.739840%,688.928417%,699.070681%,700.810807%,715.089337%,758.925674%,721.386415%,741.377981%,741.159938%,739.470295%,743.773723%,766.655785%
360,22.795947%,52.135573%,69.388325%,101.488353%,125.320167%,136.706562%,164.110663%,190.035508%,216.000225%,218.499532%,235.665737%,257.720883%,263.444560%,312.554354%,313.516166%,332.751127%,328.471147%,345.026107%,353.285969%,392.766884%,388.857478%,379.505022%,410.367605%,420.014333%,415.989901%,451.996499%,439.318466%,461.410215%,476.048999%,500.324646%,487.661663%,502.423768%,501.149027%,521.265234%,515.651962%,554.562501%,551.304359%,540.899869%,563.349023%,539.226600%,570.961267%,576.776932%,564.602578%,580.210150%,603.399184%,603.255510%,646.475260%,628.981182%,618.995897%,633.948608%,630.926311%,696.065633%,627.383927%,644.710466%,639.446620%,618.795659%,685.058987%,673.188889%,660.271164%,681.515830%,674.880180%,692.238246%,716.052477%,698.784321%,646.836565%,703.583876%,702.778325%,727.185299%,737.107196%,723.978163%,763.047535%,747.670796%,748.349670%,767.279034%,748.666924%,748.179319%,744.856096%,762.964759%,763.154132%,770.421048%
384,25.739557%,51.313103%,80.159780%,107.978199%,131.013725%,144.034532%,165.625123%,183.642989%,230.037930%,237.520187%,236.267626%,277.364011%,276.533379%,311.471893%,325.487085%,335.274384%,338.275861%,321.136429%,329.485697%,408.816265%,402.276022%,397.157682%,420.248581%,442.763111%,459.870602%,459.429387%,433.725726%,464.579374%,480.416741%,484.486866%,507.097208%,536.430461%,528.503730%,536.507581%,551.138899%,558.732757%,558.233591%,540.109689%,571.715228%,564.762333%,591.673948%,606.137053%,584.311039%,617.409873%,598.375828%,601.904271%,628.120251%,655.414436%,667.072708%,624.868262%,661.018142%,681.648200%,666.141266%,653.329356%,658.071414%,655.719084%,663.574666%,685.787030%,709.860959%,715.632128%,691.095928%,712.833713%,713.962824%,708.772346%,706.444408%,713.647561%,709.563904%,773.051479%,756.477255%,756.265727%,696.358308%,737.022196%,765.005638%,760.950443%,744.895664%,767.663200%,758.886737%,797.680025%,793.403344%,788.195825%
408,26.695865%,56.280835%,82.570940%,106.120297%,139.369996%,148.572496%,176.039996%,204.886072%,216.594041%,249.301965%,234.841263%,260.903450%,235.290040%,308.151515%,343.421094%,368.996950%,369.500771%,386.521389%,396.649179%,447.709757%,431.125522%,437.223484%,433.467700%,456.070781%,488.467732%,477.683183%,470.811043%,481.776932%,517.147524%,510.960546%,542.373063%,478.415907%,515.492824%,549.755931%,551.970887%,599.019299%,629.572394%,576.274366%,607.283335%,543.504618%,590.052260%,585.139579%,616.978650%,623.085715%,628.558758%,636.562974%,618.735641%,690.525722%,655.032793%,628.150586%,664.925437%,649.057621%,684.086976%,682.819561%,683.627726%,694.637159%,722.384652%,743.118348%,701.544565%,662.743219%,709.523970%,718.933951%,741.476132%,727.876637%,705.034516%,753.550238%,760.878207%,711.592306%,791.808076%,722.646922%,770.272687%,788.063756%,774.392010%,774.173232%,722.883161%,801.262147%,825.751509%,779.277485%,835.097741%,838.366202%
432,28.047580%,56.156001%,82.862174%,115.787562%,135.287883%,169.567184%,181.331315%,199.146095%,238.447721%,257.631547%,245.418199%,294.990795%,309.824905%,343.800267%,355.346868%,360.033548%,369.310262%,372.066874%,400.814123%,433.376648%,435.936893%,442.864169%,459.022784%,472.816938%,446.300010%,509.162074%,494.849461%,495.928410%,499.983007%,526.311615%,539.197590%,550.545000%,544.989121%,572.936964%,592.884322%,603.392007%,624.539483%,579.622801%,601.703373%,623.600709%,629.701403%,633.065725%,648.814142%,621.106539%,653.122076%,655.047602%,654.509354%,688.131186%,654.959361%,706.339324%,702.851136%,695.272694%,700.940762%,714.731714%,713.739236%,686.085903%,685.247066%,762.616396%,694.160772%,718.939533%,754.441862%,749.829403%,763.663985%,797.115832%,745.861306%,751.019871%,743.629635%,777.056293%,799.934587%,728.058070%,709.842103%,799.625947%,846.136061%,816.998439%,795.784675%,823.911877%,810.894011%,824.000330%,778.899388%,824.338683%
456,30.223852%,60.895149%,94.329936%,126.138080%,154.609027%,161.695782%,188.481994%,220.204046%,246.466711%,268.499104%,286.474208%,296.285016%,320.033742%,340.415463%,368.224643%,387.844154%,388.247737%,404.447201%,427.356237%,445.815553%,485.286345%,424.213793%,471.061818%,487.052447%,498.402700%,531.572224%,511.924492%,530.122139%,545.791001%,539.387312%,557.410845%,580.727906%,573.114546%,599.306747%,591.099481%,632.794904%,640.337209%,643.272045%,599.880464%,581.400908%,619.487110%,663.068209%,641.090062%,661.223992%,665.213774%,672.904167%,671.279225%,721.954427%,670.934324%,723.675629%,683.451135%,712.701772%,736.693981%,719.322841%,731.893488%,759.551595%,708.014863%,744.404832%,724.611998%,790.296411%,783.984939%,727.658209%,744.053084%,805.869922%,773.677919%,769.857573%,776.201332%,801.637115%,802.555973%,786.666623%,795.963453%,801.253331%,777.125623%,822.038664%,789.157592%,827.742331%,812.232529%,836.001563%,825.980561%,861.071648%
480,23.507553%,56.077914%,94.962339%,130.335725%,158.603709%,166.852692%,209.059538%,213.214326%,267.341854%,279.688955%,260.325445%,304.076752%,351.123836%,361.467048%,386.573938%,417.311747%,380.704249%,390.154553%,433.026104%,453.193766%,478.239871%,440.454075%,456.360407%,469.811873%,521.911801%,532.198290%,517.618073%,528.584821%,536.356278%,595.308650%,564.851081%,617.464748%,592.481592%,594.701899%,636.454607%,658.322745%,622.206335%,525.828127%,625.596411%,635.673448%,667.699875%,708.375254%,680.516446%,616.638538%,697.837833%,688.093966%,728.180899%,750.277431%,688.609161%,711.246940%,723.463381%,713.603673%,738.820427%,717.395084%,736.161196%,765.488071%,770.402609%,778.488284%,779.331346%,761.389710%,760.062487%,806.689375%,815.114937%,801.488931%,788.562215%,829.606789%,793.440271%,806.577692%,846.248050%,792.047262%,753.782442%,849.868774%,859.336755%,863.591563%,838.182258%,833.062006%,834.785849%,864.165718%,846.041137%,899.275870%
504,25.832172%,63.636426%,101.727736%,130.356899%,166.568293%,175.186763%,197.529914%,246.843998%,265.480510%,303.995883%,290.173831%,325.626177%,340.441562%,369.535936%,403.606970%,403.582773%,391.211524%,444.273553%,464.654008%,473.398660%,515.021420%,451.023767%,501.447794%,505.142985%,517.077371%,536.145705%,560.753765%,564.529396%,569.674474%,575.748967%,598.922948%,622.837408%,586.714686%,615.733399%,629.580865%,691.853967%,639.213495%,647.121820%,665.292346%,635.770048%,662.630579%,665.198869%,639.191867%,717.584087%,696.423007%,723.456852%,732.885892%,732.117872%,714.458811%,692.486343%,744.176620%,742.161629%,723.656379%,721.480717%,754.964283%,778.472138%,780.130475%,772.715595%,799.292226%,796.945569%,785.383116%,807.791160%,833.135380%,855.847243%,788.146971%,821.661427%,831.620761%,854.146640%,857.867876%,848.889018%,847.209390%,837.987775%,888.930332%,894.077934%,848.010906%,843.295858%,888.395438%,880.386465%,881.938904%,898.110247%
528,31.975292%,67.749852%,107.419815%,126.803234%,171.324449%,189.470586%,215.019378%,253.213927%,268.330439%,294.005309%,309.444367%,336.369198%,353.520307%,370.949474%,397.970576%,420.057523%,435.224234%,446.161999%,480.576289%,502.460110%,497.632042%,479.125306%,516.448500%,536.267102%,540.100099%,568.669249%,546.790710%,597.544775%,584.368758%,577.792470%,610.986004%,617.248990%,614.759202%,617.044713%,627.730051%,649.485502%,676.298786%,647.130727%,659.142567%,665.032065%,677.065654%,706.047046%,684.434750%,709.434463%,737.868864%,714.904232%,739.870778%,689.914838%,704.341989%,724.061636%,765.511576%,714.044106%,780.258966%,739.230823%,779.579167%,801.314555%,760.891069%,828.840357%,772.074059%,794.921959%,813.949641%,803.665761%,810.366344%,864.981609%,852.962689%,864.302964%,846.949450%,848.758115%,879.560983%,827.000585%,878.300516%,850.802738%,880.487327%,879.221368%,889.758613%,867.338827%,912.029611%,896.403386%,919.087264%,925.268268%
552,35.456245%,74.070191%,108.757144%,145.638482%,177.354027%,194.416737%,215.247855%,254.184560%,268.967390%,333.447226%,298.670766%,326.541679%,369.525031%,403.013770%,420.587952%,446.202333%,437.079442%,449.713742%,475.165100%,489.297653%,519.225621%,505.980070%,509.832009%,533.969155%,555.209807%,605.998710%,573.442881%,551.814317%,610.447012%,572.465956%,610.342124%,644.070471%,622.095128%,620.782309%,666.556336%,653.924525%,682.482390%,653.085211%,660.585296%,701.583145%,701.087923%,679.090778%,687.408947%,701.082316%,719.337350%,726.496160%,676.103274%,756.872973%,745.966197%,766.906325%,743.631027%,788.388173%,771.634881%,791.145792%,774.410311%,786.410586%,824.345526%,803.335469%,769.533538%,800.857803%,786.199854%,761.198192%,827.674226%,825.216456%,838.372390%,845.295233%,832.589143%,833.405839%,855.198448%,850.525689%,813.742626%,868.222854%,878.209395%,888.870604%,854.706645%,873.787953%,874.803730%,893.167115%,966.268180%,934.032377%
576,35.953969%,67.782898%,113.857490%,155.179926%,198.614162%,195.279320%,220.517188%,254.776102%,302.870633%,316.458793%,315.275103%,339.503134%,373.971394%,402.617777%,422.144251%,463.445987%,396.169592%,468.920631%,475.057829%,509.593410%,545.857805%,510.550057%,522.839124%,562.879878%,568.832708%,595.985389%,566.442754%,592.660303%,526.265241%,636.845807%,648.181035%,635.755593%,627.280799%,668.985976%,687.724718%,667.203270%,647.879309%,649.204027%,675.892338%,680.368690%,700.606821%,718.193828%,677.323193%,712.429019%,692.599918%,744.520135%,759.016954%,756.913549%,709.905187%,746.317154%,763.947924%,809.735781%,809.716639%,765.685956%,789.235671%,807.507800%,791.883567%,766.917115%,806.807378%,827.508337%,816.396740%,844.092562%,865.305684%,838.123996%,843.989635%,827.505143%,843.334902%,862.429564%,886.993437%,860.978504%,844.290490%,837.368704%,898.792524%,896.712738%,865.118707%,886.388368%,913.537292%,917.974735%,902.715534%,945.380909%
600,35.865510%,78.278485%,113.683911%,155.541862%,189.514049%,207.161922%,238.339709%,265.744060%,273.592721%,334.455152%,327.868343%,337.331952%,379.408717%,406.977514%,421.045706%,472.791590%,459.623796%,460.153331%,496.530547%,529.448870%,529.826039%,518.013509%,520.231571%,574.165005%,567.413949%,617.561344%,567.096118%,615.244819%,611.314422%,609.517198%,628.664769%,608.290784%,634.922862%,653.659399%,722.413636%,693.741870%,754.984476%,680.344424%,699.134858%,738.816206%,733.578186%,728.503490%,726.172945%,757.726775%,757.529428%,754.780834%,784.573361%,806.976635%,758.689028%,764.747376%,806.203618%,799.007323%,832.974187%,832.462004%,808.451534%,811.103641%,819.796006%,830.741462%,796.415568%,802.303000%,844.973178%,850.484059%,868.829139%,904.501418%,858.356258%,834.207786%,869.199907%,893.429027%,917.495365%,891.359730%,871.025093%,913.201137%,904.066461%,935.366984%,883.595362%,821.354774%,925.473383%,931.746432%,955.923410%,910.488490%
624,37.516064%,78.101249%,119.408995%,155.708275%,200.278231%,195.897225%,239.680954%,277.254393%,309.543669%,324.976066%,338.512658%,383.609782%,378.566369%,405.711559%,448.869565%,479.599733%,476.461739%,488.378847%,516.913116%,505.760824%,554.583222%,545.006901%,560.099052%,560.584433%,590.878141%,613.662334%,606.535259%,595.511964%,638.593549%,654.730742%,682.871509%,673.339725%,629.318065%,690.954649%,658.892319%,697.335378%,696.285162%,696.518870%,708.646005%,724.602083%,711.899049%,707.977212%,698.568792%,688.472140%,747.576933%,770.308349%,743.269413%,816.970961%,785.965228%,803.297511%,826.259220%,797.820764%,806.531025%,781.435656%,814.270041%,815.839816%,838.068955%,849.166804%,802.915027%,813.379816%,848.390481%,844.490860%,861.623139%,901.849125%,883.042698%,854.714829%,874.830230%,892.924595%,928.975882%,879.703908%,887.215914%,902.895025%,900.313329%,887.519838%,894.363334%,881.456141%,927.706645%,934.409006%,967.608760%,957.259385%
648,42.270339%,86.261577%,118.715065%,163.089867%,200.213867%,205.036932%,249.423811%,293.695708%,328.676073%,341.443916%,323.763846%,369.695412%,389.402544%,402.622628%,445.466547%,491.700290%,465.749117%,479.206868%,514.871605%,532.524548%,561.075828%,529.959593%,539.623937%,616.636449%,626.219688%,636.121651%,559.998980%,598.353520%,595.033962%,621.278861%,688.431101%,664.382145%,626.719864%,669.266115%,703.007003%,674.945073%,743.797182%,678.828207%,709.172678%,702.623933%,730.146645%,776.217882%,716.624187%,778.280609%,777.210100%,767.405292%,796.444816%,783.973150%,790.318278%,778.210701%,794.627375%,810.742561%,845.408328%,774.919532%,827.829646%,831.260609%,841.204915%,841.923254%,843.514831%,859.515745%,857.494696%,861.018694%,868.364364%,864.230405%,872.043201%,886.154420%,891.545027%,928.617587%,929.076598%,912.357242%,921.332684%,910.194615%,952.676541%,941.040830%,906.402517%,906.933271%,928.173019%,914.625395%,969.140499%,980.450304%
672,41.578711%,80.137998%,127.207352%,157.275400%,219.961079%,220.915714%,249.333922%,264.918428%,333.295446%,361.787842%,360.511450%,396.655952%,415.031439%,433.324361%,446.982494%,488.386997%,475.488757%,464.267080%,510.631916%,525.319828%,583.988501%,543.864641%,574.482227%,610.038587%,609.297913%,600.553932%,614.882471%,623.476352%,620.896473%,689.356525%,685.369014%,696.781151%,685.859426%,688.969029%,723.305096%,721.442113%,786.613352%,717.445071%,754.591829%,737.225445%,725.100336%,756.249199%,725.500238%,769.792799%,804.578635%,807.402397%,798.268384%,799.407526%,813.214614%,782.066585%,820.204003%,809.630933%,870.995679%,867.328956%,828.376692%,862.435598%,857.444608%,893.633028%,816.015235%,855.437557%,865.222830%,902.275148%,904.332026%,903.234698%,891.472633%,872.299635%,883.547638%,907.742388%,889.744254%,888.482932%,914.694608%,934.122806%,922.319671%,935.637635%,964.320789%,949.859894%,978.224016%,969.716031%,984.163477%,985.186017%
696,40.761328%,84.819138%,129.983240%,182.431768%,223.790389%,231.518674%,255.004999%,307.937324%,347.331718%,377.157038%,352.237988%,390.662165%,436.268134%,446.103579%,490.794121%,496.975073%,467.535739%,521.098425%,494.643779%,538.907431%,565.114755%,565.518463%,617.349394%,615.646862%,607.972432%,651.140929%,606.470342%,635.949120%,653.416171%,713.239024%,678.534241%,686.760092%,630.849821%,722.936011%,714.116400%,695.002743%,742.100820%,724.606617%,736.422858%,783.849125%,761.446215%,764.740435%,756.227980%,778.088935%,828.836093%,820.960902%,831.692679%,825.411458%,802.038078%,815.892017%,852.463482%,889.061015%,867.968577%,829.111357%,852.694629%,855.153518%,903.916860%,923.820740%,854.727629%,845.454705%,875.633216%,895.335739%,858.726815%,761.069084%,914.083518%,908.887260%,931.841092%,940.098585%,940.116921%,910.629605%,917.424981%,933.239617%,978.268306%,949.523057%,916.187417%,983.447229%,972.651714%,979.906379%,980.141076%,1019.368173%
720,42.829000%,87.132004%,124.678417%,180.202111%,222.305308%,226.873721%,246.161078%,298.460335%,351.946923%,375.930802%,354.789905%,365.822799%,417.013284%,460.982582%,498.982291%,517.632852%,497.617710%,525.325930%,543.737075%,553.498554%,587.449139%,568.112437%,589.915924%,618.490109%,677.885116%,663.012960%,637.960266%,629.605881%,684.849789%,703.509123%,729.684502%,719.826897%,693.277469%,734.504093%,741.998432%,757.966766%,782.262549%,722.290719%,739.400525%,822.180862%,799.132885%,788.434534%,773.886940%,773.765432%,812.792705%,831.986548%,842.578178%,863.615927%,825.612897%,893.436037%,883.585385%,867.700765%,896.199343%,858.255351%,847.991841%,876.626255%,892.354263%,937.748021%,896.731655%,877.380881%,913.230022%,928.534053%,909.195115%,985.013803%,890.609529%,946.696494%,964.785830%,961.319606%,968.799195%,938.542434%,909.155328%,926.708998%,950.830348%,962.113969%,945.109666%,948.760645%,1006.476560%,987.769542%,993.512578%,1031.414149%
744,44.248121%,87.214022%,133.751056%,179.652258%,225.988272%,226.343702%,260.632737%,313.674469%,337.853749%,393.980088%,381.136447%,400.697198%,414.635576%,447.804838%,491.593411%,523.322476%,495.409273%,511.004548%,562.708227%,553.265099%,627.985516%,584.792357%,595.075972%,633.996455%,642.886943%,657.815147%,626.603572%,666.422740%,685.776606%,686.801094%,724.464828%,768.436506%,694.105421%,724.705385%,726.508022%,782.587080%,749.875343%,736.887460%,744.836748%,819.541916%,793.653717%,844.098886%,832.051756%,804.423920%,832.736778%,862.646236%,843.601646%,865.323445%,809.426069%,839.315412%,869.536697%,883.714838%,851.584610%,838.375460%,849.893604%,880.003076%,906.136753%,838.743310%,808.274056%,858.142829%,913.138571%,917.359004%,969.342109%,946.080305%,905.762551%,889.142014%,912.682603%,975.890776%,985.501108%,934.876670%,961.857152%,947.293293%,967.675149%,999.390481%,941.711681%,940.857264%,973.625842%,992.942818%,1006.203873%,1026.429769%
768,46.767912%,95.055341%,141.220683%,171.936414%,219.166648%,222.657352%,273.238091%,288.599746%,307.485919%,397.158032%,384.087838%,413.358983%,422.485678%,469.953498%,489.661896%,541.069077%,508.340849%,535.565016%,573.956813%,584.566120%,618.186947%,584.951513%,584.272346%,606.860548%,660.595084%,656.951676%,658.518450%,654.708098%,720.764854%,685.572893%,711.773649%,740.488223%,696.102380%,691.639760%,728.611707%,799.974863%,753.610433%,744.924939%,763.810670%,786.763385%,801.747011%,805.395615%,761.929482%,750.283348%,800.698526%,850.079124%,857.814266%,875.513451%,815.752337%,873.234437%,854.254734%,844.986999%,895.007716%,875.730426%,868.405431%,871.354868%,787.890122%,964.480567%,896.716312%,914.055047%,932.514383%,956.988309%,949.410814%,957.731205%,926.612304%,938.643852%,962.114863%,961.087075%,983.925961%,947.376290%,922.808912%,971.706128%,977.747440%,1033.840109%,969.553766%,990.424790%,1010.661375%,1014.022817%,1042.048293%,946.842792%
792,43.393136%,97.737949%,144.045833%,187.063197%,227.108069%,228.302557%,264.422505%,327.413043%,345.967459%,339.668842%,368.804834%,423.777276%,414.051163%,482.144768%,503.516843%,548.225450%,515.833041%,535.797119%,589.494199%,579.666224%,612.020450%,583.851537%,605.688460%,638.291944%,661.576413%,697.946470%,627.280440%,680.153631%,699.446729%,706.878402%,732.331415%,740.778664%,734.906273%,730.612129%,755.444898%,790.443471%,782.794724%,762.412320%,792.519297%,788.624165%,821.676487%,820.813833%,778.328902%,799.048281%,850.919212%,835.382724%,856.244682%,885.406011%,835.190901%,869.936675%,901.136648%,857.390310%,874.130799%,846.422440%,920.554068%,870.161851%,859.566319%,965.926964%,876.989220%,916.025982%,930.481312%,916.184436%,929.976363%,929.569607%,940.012545%,965.152298%,939.389644%,978.792633%,985.299412%,941.194571%,930.661256%,988.389952%,1000.681639%,999.352843%,973.851189%,978.598940%,1009.644584%,1013.124978%,1004.663724%,1028.676060%
816,44.455019%,100.182817%,147.522507%,195.102725%,237.253054%,254.434728%,293.173143%,313.813033%,355.192684%,362.101637%,380.908303%,420.578755%,460.791973%,460.180110%,530.366092%,533.626080%,474.421774%,540.827023%,559.187269%,615.973631%,621.756053%,585.315456%,630.838589%,609.645957%,666.509943%,681.703918%,618.082506%,711.736379%,678.934440%,724.858987%,730.076706%,752.902845%,700.899351%,751.539911%,736.937764%,810.125884%,817.506587%,774.661671%,760.903684%,807.017049%,823.713683%,819.845159%,768.393657%,820.155971%,853.370517%,856.302805%,861.411084%,922.252019%,842.317174%,871.436719%,830.297577%,855.457866%,920.709997%,872.721061%,877.446695%,917.568770%,929.443583%,912.045903%,902.676684%,918.114809%,941.449746%,944.179782%,968.363551%,966.660227%,944.975004%,922.718858%,970.937566%,979.787647%,978.486476%,984.957870%,946.605522%,980.133935%,989.000205%,1010.787846%,986.467802%,999.206983%,1013.014838%,980.458805%,1027.474644%,1077.212308%
840,49.296046%,81.913322%,153.658683%,198.482766%,215.215530%,248.336360%,259.323308%,332.521128%,364.860325%,420.569905%,390.996036%,313.891952%,448.139756%,507.459446%,547.354217%,566.069585%,513.733455%,564.953643%,591.017397%,619.172404%,628.696647%,634.484313%,645.982527%,673.647630%,664.599683%,719.250431%,662.736720%,702.722789%,703.364287%,771.482140%,759.968326%,800.087621%,700.457409%,733.824292%,775.706086%,797.808599%,829.395783%,769.234969%,816.502650%,828.795239%,819.040339%,792.873159%,820.396925%,832.377509%,823.809427%,842.143834%,887.349756%,923.735974%,857.746127%,907.308542%,889.122954%,906.146518%,951.546052%,898.521128%,899.157815%,909.790914%,926.799414%,966.539766%,921.710248%,924.030861%,950.655276%,971.996826%,917.645510%,967.806450%,947.989700%,974.601888%,988.242750%,958.362253%,1009.193481%,976.636581%,985.074049%,981.796267%,992.725080%,1023.118301%,1005.016733%,1003.361310%,994.800364%,1003.474475%,1046.953074%,1051.365029%
864,48.449971%,100.633418%,148.576531%,198.106034%,239.873712%,251.496066%,288.338111%,336.579665%,393.704855%,442.214994%,405.105241%,421.915774%,467.463604%,513.347027%,511.320449%,578.607122%,565.670108%,562.657718%,595.662749%,628.766261%,669.179224%,627.166642%,612.100631%,647.163080%,675.667915%,727.024665%,651.382865%,691.872104%,711.685815%,762.326491%,764.963964%,779.631019%,734.449181%,763.432503%,836.215436%,812.842435%,808.118982%,761.057575%,808.751666%,829.427610%,835.286240%,830.592447%,805.520991%,841.595799%,828.923443%,864.471436%,876.857861%,908.283709%,893.770451%,839.215985%,872.696215%,911.982964%,966.039169%,882.209092%,927.436951%,935.741392%,928.920272%,977.408033%,935.088788%,933.203084%,942.284167%,948.167160%,976.756373%,1015.053519%,963.667935%,1007.440132%,984.803042%,1008.202359%,1023.541384%,977.429369%,1009.169888%,999.586614%,1016.690378%,1024.539832%,988.094123%,999.910537%,1041.605589%,1029.323916%,1062.492954%,1045.053350%
888,51.498762%,101.174467%,153.213309%,209.197289%,259.422626%,247.338061%,279.495912%,344.914410%,407.405151%,424.610081%,398.578981%,443.940895%,462.052248%,503.841911%,557.563850%,599.596450%,551.062505%,559.955662%,632.126333%,646.020614%,681.327590%,642.820236%,629.130223%,649.669287%,714.712036%,735.813879%,711.278231%,711.552461%,748.085110%,758.930270%,784.283454%,774.501825%,723.366202%,771.383849%,778.913663%,846.278716%,885.740576%,801.667765%,820.585271%,834.093452%,850.125050%,875.041379%,797.746388%,856.488903%,842.064088%,872.246819%,915.583003%,940.417727%,874.190796%,930.998302%,894.375301%,963.510189%,933.183033%,915.396880%,920.143596%,908.999434%,976.588165%,972.891176%,930.661178%,932.530263%,953.158281%,1013.025993%,1002.730302%,999.732287%,920.907730%,946.862023%,1008.013291%,1026.656958%,1062.365415%,954.182915%,1000.808694%,1017.492352%,1072.796554%,1057.161193%,1018.836305%,1015.701612%,1010.550585%,1039.541859%,1053.424035%,1071.103211%
912,50.895320%,101.666352%,158.363190%,215.933553%,252.852540%,260.241189%,295.164821%,364.046878%,385.529860%,426.835466%,432.875735%,427.234022%,485.114757%,524.166173%,525.339318%,572.371022%,567.320804%,585.520649%,595.599034%,632.185028%,664.535993%,644.272512%,660.748075%,665.090547%,712.395123%,699.602846%,686.024726%,727.579181%,733.609079%,760.059875%,805.261816%,814.398087%,762.421072%,772.677931%,818.019100%,817.296003%,833.992311%,794.485130%,849.538499%,844.499119%,896.978011%,862.713481%,823.382825%,829.594006%,870.048699%,816.974166%,902.282614%,920.983941%,748.308573%,899.077724%,900.180171%,924.591587%,939.368381%,902.536942%,904.248764%,940.708675%,959.168588%,969.633367%,937.416116%,955.098314%,968.786287%,982.939069%,992.792423%,1016.855392%,981.067252%,1002.751243%,997.339768%,1035.378613%,1037.704132%,990.654783%,1032.024520%,1058.980815%,1024.658234%,1022.531051%,1001.503078%,1036.097975%,1041.890052%,1035.623747%,1089.166915%,1116.046551%
936,44.840673%,109.882682%,152.402662%,217.854117%,262.653784%,259.169193%,333.793167%,352.675207%,393.895215%,456.739585%,397.103131%,437.744209%,471.760332%,509.471305%,553.700425%,553.245294%,556.593675%,581.310670%,568.466240%,597.544645%,714.632688%,637.992332%,665.246969%,654.007267%,720.488755%,731.471854%,664.982223%,677.698122%,706.727334%,753.927967%,816.789851%,807.723934%,773.288645%,742.612428%,818.332228%,819.663776%,810.739987%,778.225500%,854.327053%,802.899493%,836.227310%,860.671106%,847.656037%,847.183654%,903.132711%,886.696483%,911.088042%,941.036013%,872.090971%,861.059069%,906.907954%,939.143365%,904.660398%,927.240581%,939.527633%,941.672500%,964.322207%,994.540725%,972.240149%,949.315008%,971.852107%,996.893538%,1035.366700%,1011.745022%,971.635430%,1002.917943%,996.790629%,1038.165955%,1027.767846%,995.385286%,1012.453255%,1015.025507%,1026.165147%,1052.557397%,1046.844107%,1029.980419%,1053.901607%,1025.809273%,1081.174516%,1087.519381%
960,55.750343%,102.462459%,169.487162%,214.428651%,271.492133%,260.199604%,307.273526%,370.315120%,402.224250%,460.198176%,424.105567%,454.140176%,502.258440%,542.477893%,558.134127%,590.184721%,530.609974%,553.088316%,627.403431%,651.029353%,694.234673%,636.635058%,668.670457%,710.610949%,704.963406%,735.762631%,715.679674%,719.840577%,737.716728%,805.160154%,796.916501%,809.915333%,766.539075%,789.054706%,787.333970%,852.534740%,870.865050%,826.260907%,855.065999%,841.405677%,881.388478%,903.941978%,845.990757%,855.324501%,881.717985%,893.501090%,915.517942%,941.275001%,912.082098%,917.218219%,920.491079%,953.415474%,956.849196%,925.709895%,961.529706%,943.020112%,985.117526%,990.858764%,916.805612%,934.508838%,984.964718%,1009.013037%,1039.065766%,1027.391462%,982.576828%,984.017099%,1022.338446%,1045.759225%,1046.503232%,1010.966713%,1037.095029%,1021.974267%,1045.509813%,1093.019504%,1008.045000%,1009.652309%,1062.207751%,1075.569537%,1076.148833%,1088.448269%
984,55.827535%,114.303346%,151.181042%,222.282128%,278.165001%,260.161437%,303.902918%,365.291215%,419.794600%,450.466464%,421.798937%,471.915480%,499.735235%,518.117822%,566.553243%,629.352887%,556.334484%,598.305106%,626.230040%,644.628188%,689.823598%,667.604850%,650.365414%,717.561242%,711.439678%,773.786157%,689.109980%,714.750902%,758.127918%,788.949166%,818.525773%,855.137683%,762.719170%,801.449597%,830.731988%,870.978282%,877.357196%,809.364199%,839.245314%,858.336370%,876.913907%,937.564569%,857.263606%,854.320201%,887.722489%,908.680880%,938.840016%,988.527695%,866.346499%,955.252425%,942.183257%,972.405929%,1012.882684%,931.437520%,950.704936%,957.494318%,969.223591%,1033.511522%,942.152319%,974.258054%,1022.833890%,1002.477494%,1001.010475%,1049.573761%,994.539006%,1022.686557%,998.038406%,1035.048687%,1054.502801%,1031.583155%,1029.977478%,1058.316535%,1054.096516%,1072.315334%,998.777010%,1005.289337%,1047.686724%,1084.652588%,1097.923093%,1103.652291%
1008,55.979008%,112.876360%,170.449997%,235.000020%,279.354115%,265.836660%,322.767609%,350.587022%,413.993294%,452.580015%,436.432070%,461.195722%,513.459661%,533.556089%,589.666756%,623.981647%,515.159259%,567.039593%,622.027712%,668.164492%,675.889213%,655.747127%,672.883617%,710.599526%,728.966450%,745.841772%,696.505743%,685.199652%,781.108090%,795.577658%,798.363888%,855.307555%,760.045298%,821.364998%,791.631548%,733.591664%,886.840641%,846.120924%,792.530338%,855.989477%,828.935678%,921.106707%,861.026366%,872.195639%,863.111073%,903.989333%,929.028700%,939.543463%,887.702697%,928.888189%,943.944244%,893.939093%,951.046422%,934.511463%,953.837990%,935.855927%,976.888848%,997.893905%,954.057594%,1003.031598%,992.852013%,1006.620463%,977.342661%,1019.402072%,966.121757%,992.886917%,1028.247459%,1058.159483%,1046.430615%,1022.218419%,1041.422583%,1066.808146%,1016.003638%,1111.154223%,1034.747578%,995.043769%,1062.548997%,1064.013647%,1062.366323%,1082.272425%
1032,56.196764%,91.566415%,169.848439%,211.460514%,272.307639%,280.016379%,323.195041%,369.674314%,416.128450%,470.714003%,448.535125%,475.598867%,317.283602%,528.143921%,562.461998%,617.902285%,570.437020%,620.798394%,633.603858%,681.930288%,714.871878%,638.640666%,661.786453%,714.424561%,756.966249%,782.720287%,743.758347%,765.800867%,769.172417%,816.309379%,828.886804%,865.901455%,762.353800%,837.563298%,774.589284%,837.260451%,893.556480%,787.348833%,846.748215%,879.859125%,864.581557%,901.693396%,865.646730%,853.945659%,909.378099%,931.316151%,906.002545%,937.227312%,912.293609%,889.826809%,924.318584%,921.448596%,1004.902733%,954.395827%,948.500435%,984.909168%,969.544510%,1018.751970%,916.853000%,973.633224%,979.010195%,1021.257875%,1027.937581%,1058.728501%,1002.915218%,784.932470%,1019.330516%,1078.561153%,1056.096996%,1040.093108%,1036.327420%,1065.031819%,1019.907158%,1036.011262%,1043.948315%,944.401339%,1026.237100%,1076.656102%,1092.067606%,1120.832784%
1056,58.596803%,109.587264%,171.313708%,245.438921%,294.894328%,291.168839%,298.123119%,366.762053%,406.186936%,482.110947%,437.668153%,492.899671%,311.513537%,524.408591%,613.019035%,600.289446%,592.202691%,609.888978%,661.545567%,700.362855%,736.118653%,676.474348%,725.880294%,748.847481%,741.827972%,774.107430%,750.540612%,758.015363%,776.394461%,784.513717%,814.370457%,836.125201%,810.750771%,805.139763%,845.149228%,854.079215%,870.834722%,856.257086%,837.580699%,900.671766%,748.755449%,923.024094%,884.077588%,852.937802%,889.225977%,889.039754%,919.148611%,818.565921%,906.900845%,957.888156%,984.438359%,985.798305%,993.065223%,945.051721%,970.021763%,973.027296%,1024.577653%,1026.484694%,967.222851%,990.957571%,999.056226%,1048.158097%,1053.252844%,1017.137453%,1014.401023%,1024.190213%,1063.453974%,1032.737539%,1061.741362%,1045.263072%,1038.032377%,1068.589787%,1043.128240%,1102.925571%,1047.331802%,1045.575735%,1037.906663%,1009.308078%,1114.568759%,1097.961092%
1080,57.714780%,112.822501%,184.041566%,241.282125%,298.135489%,298.324407%,338.407984%,393.331937%,391.087987%,489.258885%,445.544554%,498.413614%,494.144354%,559.324312%,611.154993%,602.722749%,573.734032%,625.775989%,622.516154%,673.883716%,716.396518%,672.484006%,682.449367%,724.861195%,745.769924%,767.020083%,732.962435%,734.445878%,774.007604%,779.369852%,835.191126%,855.695409%,765.662666%,799.117396%,814.603190%,862.849534%,681.774104%,844.904328%,850.788240%,861.552652%,882.592841%,913.180620%,872.004827%,895.915593%,924.459387%,929.110716%,975.737662%,990.055460%,923.119945%,962.058404%,975.671052%,991.963808%,989.680695%,976.629708%,958.616300%,982.816854%,995.890647%,1041.071444%,967.205086%,1002.358825%,991.047869%,1020.944972%,1019.261900%,1049.517736%,1033.840869%,1048.633110%,1052.429800%,1082.581579%,1064.254290%,1041.817393%,1043.587878%,1060.275042%,1057.929645%,978.123744%,1040.746197%,1052.026456%,1081.360917%,1084.192559%,1113.226826%,1104.992690%
1104,57.589890%,107.832286%,176.686527%,235.283246%,298.770641%,295.415902%,345.095927%,370.028048%,392.619128%,463.515901%,458.322657%,487.795645%,519.384730%,556.746325%,598.259986%,624.982931%,568.399205%,613.711131%,634.920575%,637.903988%,716.849868%,675.114692%,731.083069%,709.386758%,774.517735%,781.675065%,737.520425%,723.346416%,771.076793%,812.135131%,847.662764%,870.467039%,789.082218%,822.941331%,836.893771%,855.199060%,893.298040%,810.700691%,860.089371%,842.429945%,879.844386%,931.182650%,683.307983%,950.335391%,925.109517%,966.094735%,987.615666%,993.787597%,953.312092%,967.892930%,970.106047%,973.333360%,1005.557763%,963.306032%,977.013748%,996.316756%,1046.841126%,1000.618237%,992.187250%,1020.401114%,1013.569791%,1051.679729%,1028.951964%,1065.679005%,999.553506%,1029.292357%,1042.272688%,1069.581925%,1072.334563%,1024.438197%,1048.293162%,1081.313190%,1091.849551%,1102.154659%,1050.895617%,1069.551279%,1086.445679%,1126.102468%,1094.257408%,1095.048619%
1128,57.979185%,125.178653%,180.351800%,244.346327%,298.048762%,287.742868%,299.712028%,386.685200%,432.427540%,486.888304%,450.914976%,517.171408%,513.743308%,578.698026%,606.552671%,643.520859%,601.730965%,636.301404%,662.900086%,680.274288%,749.561323%,677.607257%,704.112983%,740.402292%,761.948669%,780.337085%,764.513451%,716.031662%,778.977989%,762.257927%,851.762059%,834.744150%,787.081785%,855.828011%,822.576447%,870.365852%,914.733607%,855.167869%,863.243205%,910.518410%,923.377706%,911.835050%,884.318766%,933.144870%,918.713026%,934.762204%,970.209240%,992.775395%,909.876773%,950.290608%,1008.684713%,994.147376%,998.338571%,946.428879%,994.990416%,1033.852235%,1008.799474%,1037.154924%,989.086403%,998.620405%,1027.477487%,1060.934904%,1042.732323%,1073.461923%,1041.959332%,1073.572251%,1016.415776%,1079.209181%,1079.559650%,1065.308385%,1053.147279%,1088.936643%,1093.707177%,1109.480623%,1070.936064%,1095.102351%,1098.807898%,1086.130035%,1116.000675%,1120.377494%
1152,59.065091%,123.983870%,184.610993%,219.043209%,329.273391%,308.968631%,357.227475%,394.978923%,458.615208%,490.113863%,486.786663%,480.621115%,551.297467%,552.998414%,653.418138%,696.346367%,592.680301%,640.477517%,649.949531%,696.433480%,757.818505%,690.700272%,708.514763%,713.885957%,788.577941%,817.921212%,754.363111%,764.756613%,791.276870%,834.876350%,864.737086%,868.836029%,813.593736%,811.697107%,834.020410%,889.901582%,906.821867%,839.449762%,883.708044%,905.789167%,937.721229%,924.271999%,880.609056%,903.586037%,962.943162%,948.760327%,988.946606%,1001.147844%,949.278117%,823.716805%,958.234137%,969.496507%,1017.713963%,934.435071%,1000.525919%,972.462960%,973.873177%,1003.763328%,984.863388%,992.511315%,977.933796%,1011.007847%,1031.495168%,1062.964285%,975.417140%,1038.180492%,1019.404123%,1038.075937%,1090.350973%,1030.988424%,1050.462848%,1060.754721%,1062.810268%,1087.379554%,1061.056311%,1067.398467%,1041.389457%,1093.506493%,1127.102210%,1086.540898%
1176,65.411265%,126.248834%,176.182800%,209.182879%,324.205296%,261.513729%,349.553792%,395.715371%,422.736464%,483.966955%,454.823709%,481.158657%,549.135774%,494.711655%,613.998520%,611.778094%,605.117655%,653.275838%,691.423041%,676.704760%,718.703995%,681.008437%,730.617443%,723.360767%,752.084961%,779.135243%,734.518344%,707.575644%,788.238196%,800.098793%,812.833323%,839.776232%,823.743819%,810.740399%,824.713607%,894.343513%,921.308261%,821.498785%,851.125845%,892.629262%,906.405770%,915.579464%,881.216567%,932.613403%,914.295217%,942.238193%,951.010207%,990.792581%,917.488878%,946.815950%,950.726117%,980.548514%,1024.747615%,1001.508699%,944.284840%,1033.096698%,993.499943%,1001.598657%,975.954630%,1008.427118%,998.814655%,1035.248473%,1024.011168%,1013.228097%,983.547628%,1023.636948%,1043.368042%,1060.983050%,1112.657273%,1045.165153%,1018.102478%,1065.357178%,1040.190565%,1068.484123%,1048.256513%,1036.115841%,1072.677715%,1075.193206%,1108.070418%,1089.314895%
1200,53.762462%,113.461053%,175.976866%,224.336329%,326.024249%,294.541490%,356.807331%,392.563528%,459.518098%,511.055059%,466.726020%,503.078325%,516.206287%,543.383090%,590.387598%,648.313438%,611.035709%,683.325021%,645.437671%,670.411105%,723.252700%,684.048998%,697.927199%,748.183882%,771.645562%,591.099057%,739.786990%,762.741037%,782.025767%,822.151561%,887.814588%,870.665163%,821.313846%,868.690417%,900.520613%,887.917729%,951.275104%,885.906590%,883.929117%,913.650510%,928.432448%,954.786185%,912.058091%,946.823021%,954.843975%,905.108143%,987.870561%,1007.886967%,939.974702%,958.280007%,982.828480%,990.165781%,1010.153903%,976.768883%,1007.326248%,1023.128514%,1066.574407%,1039.873611%,997.278239%,980.668299%,1049.093279%,1020.540806%,1045.767569%,1087.487401%,1041.557345%,1079.342352%,1065.032248%,1092.161248%,1092.032124%,1060.687148%,1079.291335%,1065.931474%,1101.309622%,1101.122309%,1077.078727%,1120.914569%,1119.609939%,1121.379650%,1146.268982%,1115.316441%
1224,66.982843%,127.912426%,191.128289%,240.622567%,317.016702%,307.426752%,358.896356%,414.560775%,463.092155%,516.299629%,465.400119%,516.060746%,567.140672%,590.974722%,638.328906%,668.987762%,612.286447%,667.350559%,689.077194%,753.778527%,734.863719%,689.674188%,741.274770%,768.099935%,761.204533%,814.602024%,746.926449%,812.263377%,816.695981%,827.234593%,879.185553%,896.090414%,825.679845%,855.834315%,886.094134%,902.674659%,936.962157%,875.663325%,890.112311%,920.644966%,929.445077%,908.671538%,918.376636%,937.160625%,954.488686%,975.427904%,1000.531002%,1012.158817%,938.516507%,969.333758%,991.402513%,1009.226552%,1066.694209%,986.190539%,1001.417471%,989.439484%,1048.928931%,1092.641897%,1012.856447%,1008.738598%,1022.356102%,1066.632348%,1053.316489%,1068.858092%,1062.855629%,1065.119871%,1102.258180%,1083.409781%,1122.178559%,1065.662529%,1058.300108%,1108.309602%,1080.766309%,1138.592575%,1047.056317%,1077.722931%,1103.393070%,1081.928600%,1087.185089%,1111.442956%
1248,66.078016%,115.515655%,190.314089%,254.518571%,306.347059%,300.974176%,201.580981%,386.628914%,425.191443%,527.460510%,466.311525%,505.019295%,555.838619%,605.262204%,631.045026%,688.040883%,613.091978%,668.275422%,676.886941%,718.758317%,754.438077%,703.834616%,732.712920%,749.524198%,794.344433%,809.126613%,770.811348%,785.483481%,810.215137%,814.677911%,850.401213%,872.114127%,842.647468%,864.776183%,908.921691%,909.696677%,934.449112%,903.892266%,906.292901%,911.850824%,936.382502%,935.347423%,888.872095%,903.001949%,975.555869%,970.285964%,987.447344%,1010.304358%,977.463334%,981.214157%,977.069120%,1005.183539%,1036.103159%,1019.464087%,998.916031%,1017.423549%,1050.362904%,1064.173001%,1012.714461%,1028.574188%,1055.140505%,1056.675776%,1058.971711%,1114.212486%,1051.259554%,1059.397840%,1089.775434%,1072.631947%,1127.629162%,1031.710049%,1101.583996%,1107.585532%,1126.416459%,1126.904198%,1061.990768%,1100.610213%,1101.499948%,1087.155440%,1118.434079%,1158.113958%
1272,60.339879%,133.804232%,200.551751%,260.255130%,334.085842%,309.508270%,356.803584%,430.958322%,479.064406%,546.468226%,491.154978%,523.590476%,559.002304%,592.677491%,649.701770%,684.526332%,630.342560%,653.349200%,696.923336%,717.025412%,772.313820%,713.329361%,752.012184%,756.541841%,759.788975%,806.720076%,770.746356%,770.963065%,866.291699%,872.204897%,841.876733%,919.072064%,828.519973%,859.380739%,893.550183%,911.183851%,946.560030%,893.738307%,883.121045%,938.482008%,943.471342%,991.943068%,912.443297%,931.168757%,919.405916%,974.062579%,979.705336%,1036.968217%,926.555090%,984.887217%,989.321647%,1055.822685%,1060.702418%,999.884796%,1021.018090%,1043.591485%,1039.269685%,1048.553456%,1004.718109%,1047.439365%,1087.840025%,1062.775568%,1084.951141%,1089.167676%,1035.914064%,1068.742358%,1063.537789%,1079.861352%,1121.091355%,1077.003982%,1062.689465%,1109.670792%,1122.132609%,1127.636039%,1108.563451%,1143.244973%,1096.034238%,1124.747722%,1150.263101%,1161.644561%
1296,64.350402%,135.361813%,202.752285%,273.047340%,308.374794%,301.208371%,346.598741%,412.457413%,471.659375%,531.892961%,468.486130%,518.123802%,568.014272%,597.404475%,660.821310%,719.565302%,625.414240%,658.509573%,666.711793%,731.742175%,790.725335%,704.123874%,734.989814%,724.959976%,821.726942%,778.053038%,747.696926%,730.233134%,765.722270%,817.753351%,832.394868%,871.664948%,850.863188%,849.968361%,909.763828%,935.159817%,961.397979%,884.753136%,928.481609%,911.159379%,962.214310%,919.667725%,912.792963%,968.687380%,981.379974%,991.291762%,1005.483080%,1031.801941%,972.824155%,965.977433%,1001.609150%,1023.417828%,1010.502971%,971.047392%,1026.006297%,1024.165953%,1041.067922%,1051.271867%,962.592481%,1009.280905%,1053.235327%,1081.771828%,1063.694156%,1087.120961%,1016.059586%,1006.859840%,1054.699390%,1082.828886%,1081.019576%,1063.480153%,1071.112660%,1031.897769%,1106.392566%,1131.115339%,1096.892236%,1086.559605%,1091.357977%,1090.907527%,1124.454232%,1115.575586%
1320,64.084062%,132.763285%,201.339003%,253.754560%,327.973992%,312.307650%,347.829667%,416.876259%,462.564473%,489.419518%,472.633773%,491.146610%,562.535055%,592.056406%,609.808622%,681.168612%,634.909267%,617.694119%,691.202001%,737.242897%,747.637557%,726.891720%,718.040024%,764.262784%,798.937776%,806.847596%,716.207356%,782.983067%,795.505539%,811.128307%,836.078087%,896.646184%,833.559949%,857.984445%,924.128367%,879.333630%,680.761056%,906.717853%,890.662977%,917.618786%,940.216495%,965.909926%,925.119994%,950.789959%,956.593344%,981.990846%,1035.463806%,1009.610752%,973.644343%,992.829953%,1038.216221%,1016.867822%,1025.007308%,1008.717199%,1014.699427%,1038.831227%,1041.681111%,1039.549907%,1024.710824%,1047.898435%,1026.457277%,1088.215795%,1056.290585%,1089.355886%,1039.391621%,1065.955275%,1111.901796%,1128.016160%,1114.615126%,1060.856735%,1099.360783%,1091.721957%,1059.419985%,1138.092206%,1102.941464%,1112.419618%,1113.112711%,1090.482128%,1146.157138%,1146.135401%
1344,66.129477%,139.956491%,204.721361%,266.459734%,338.814276%,307.721203%,356.842214%,415.813190%,482.689088%,513.206340%,295.352113%,503.518117%,549.803118%,567.702688%,655.570782%,681.402388%,630.288297%,628.116112%,678.784496%,725.704393%,752.183049%,696.659674%,714.461691%,756.727214%,790.960016%,820.683694%,762.392232%,781.894459%,820.235868%,838.357534%,851.818771%,915.706316%,835.853384%,826.214492%,906.443797%,926.846891%,965.942153%,911.466319%,892.438588%,922.913132%,955.251566%,967.561258%,939.420312%,934.010859%,975.793602%,992.368386%,1003.496194%,1018.026542%,974.296442%,994.699239%,1022.780256%,976.525289%,1002.983640%,977.955254%,902.248584%,1007.769006%,1035.539846%,1050.639159%,823.913731%,1031.665747%,1055.819439%,1098.928322%,1093.201714%,1109.633197%,1050.075234%,1078.630884%,1078.994195%,1089.040017%,1093.281328%,1069.169692%,1061.633335%,1088.443963%,1115.707043%,1143.386183%,1077.045697%,1115.936929%,1128.112409%,1138.291638%,1126.005287%,1162.038306%
1368,56.663817%,143.801859%,196.595124%,263.259951%,309.991775%,336.835086%,346.002488%,421.897955%,433.138651%,518.107457%,473.584632%,331.069272%,554.902067%,594.420614%,644.632590%,655.060128%,617.116971%,647.954041%,691.795212%,706.789545%,691.242618%,696.401436%,729.377355%,763.842836%,805.023896%,827.498661%,737.246544%,780.289933%,806.429052%,851.630349%,857.505199%,797.089279%,852.179325%,867.627651%,857.686612%,944.101358%,945.037880%,933.276949%,919.201022%,897.515065%,916.247187%,982.140730%,925.497398%,928.292925%,929.440565%,945.697764%,981.316926%,1009.383856%,990.547535%,990.180529%,1032.491506%,1041.304485%,1061.262334%,993.598929%,1025.032444%,1057.566014%,1068.287401%,1074.337329%,1033.219815%,1031.010874%,1050.763597%,1060.281903%,1074.966148%,1086.527977%,1039.140411%,1073.447843%,1081.941624%,1107.338868%,1140.927520%,1095.824474%,1079.473054%,1079.294191%,1119.777043%,1129.200057%,1109.280161%,1112.691886%,1114.734218%,1103.651304%,1125.864071%,1137.872323%
1392,60.485128%,134.557097%,200.199927%,271.388426%,352.695395%,325.709867%,380.917244%,434.131419%,505.921352%,555.015971%,478.748257%,529.857045%,580.058680%,626.198600%,667.584542%,709.924822%,630.327992%,664.713736%,709.028991%,757.421080%,596.169736%,679.107444%,718.165933%,757.708205%,761.077345%,819.654687%,736.989835%,771.598934%,784.531006%,850.084853%,824.166881%,939.581133%,855.939013%,837.281314%,907.407257%,908.693935%,950.386663%,864.561055%,897.398913%,898.695845%,952.846762%,956.272045%,880.238935%,912.621655%,928.300946%,967.268220%,972.369080%,1009.043039%,944.017288%,980.903821%,981.796577%,1010.145665%,1058.014442%,1010.957720%,1005.964951%,992.293356%,1067.222624%,1032.381502%,968.187829%,980.818975%,989.273823%,1073.815462%,1114.617641%,1127.217202%,1038.859363%,1074.040426%,1069.826243%,1098.635633%,1139.354046%,1077.115966%,842.029538%,1071.308247%,1086.609476%,1120.139096%,1062.053415%,1069.317673%,1108.124677%,1157.089795%,1123.701938%,1172.289290%
1416,63.360777%,136.356660%,189.554136%,271.036293%,350.579250%,311.966120%,377.939921%,433.215378%,473.622733%,551.657807%,493.297757%,553.469990%,572.118295%,599.579640%,658.446739%,715.354564%,615.650821%,616.149586%,695.409851%,710.990325%,748.297990%,697.409944%,749.005104%,742.624505%,769.254014%,833.920048%,773.082422%,801.673692%,819.224259%,871.307538%,895.282322%,901.255214%,820.849513%,881.035139%,874.969346%,940.939768%,945.093296%,912.719347%,909.332196%,965.699571%,979.833760%,709.338256%,883.372065%,911.710678%,942.923932%,955.130646%,981.803572%,1012.456141%,943.861049%,956.577398%,1040.427740%,893.427900%,1035.465286%,1004.560730%,1014.520409%,1043.358661%,1060.831646%,1069.441688%,1042.755927%,1028.541855%,1058.744307%,1081.931444%,1093.795554%,1089.666550%,1047.963151%,1069.784334%,1115.960859%,1085.843458%,1136.864186%,1080.046388%,1093.921956%,1063.270854%,1078.538612%,1087.050066%,1042.815934%,1091.396578%,1085.100581%,1096.727252%,1117.626540%,1119.570438%
1440,65.871200%,134.908584%,207.494041%,276.522584%,346.920945%,330.875225%,392.830622%,423.854095%,503.567574%,551.686817%,446.661538%,512.066498%,571.343686%,614.212227%,638.790438%,673.221617%,640.354575%,663.736386%,692.294280%,720.737348%,787.898502%,719.275488%,734.205149%,784.835679%,804.552988%,851.190957%,804.178865%,797.065122%,831.831861%,869.948956%,901.563906%,918.314300%,830.169190%,862.128357%,873.017570%,948.585546%,936.351072%,909.495217%,920.003676%,918.262232%,963.317400%,965.739829%,956.840664%,946.676934%,970.703239%,994.008786%,1029.328662%,1048.120727%,978.820551%,995.663527%,1002.311850%,1051.239572%,1046.201179%,1006.856405%,1040.383305%,1030.471936%,1037.142496%,1101.539746%,1006.214821%,1025.070629%,1051.851947%,1077.872472%,1073.869396%,1080.902379%,1042.530489%,1089.522098%,1106.480408%,1091.802068%,1120.615360%,1070.288535%,1090.555729%,1099.351376%,1088.790492%,1129.802997%,1086.136502%,1115.502075%,1126.327414%,1135.705089%,1158.740404%,1120.687041%
1464,67.168360%,145.648601%,207.439737%,287.511474%,353.591961%,337.644764%,387.929260%,450.522863%,489.328663%,563.460069%,507.907722%,533.092853%,597.264606%,617.455465%,633.369236%,736.965702%,667.239025%,674.369910%,704.370962%,755.360253%,786.673989%,739.147499%,745.373041%,759.949801%,795.063708%,833.524427%,803.822315%,814.777052%,835.780808%,876.697700%,903.598699%,917.727585%,874.052582%,851.036592%,906.838705%,940.039674%,952.329439%,911.514590%,912.055734%,947.230584%,967.574652%,979.140925%,983.988591%,981.398038%,983.275327%,980.646635%,1004.011750%,1074.867903%,1005.892147%,989.897647%,1026.166682%,1044.345085%,1050.131037%,1021.409886%,1058.979247%,1028.763048%,1055.236247%,1090.660811%,1014.266815%,1086.788566%,1046.874436%,1094.371481%,1088.651790%,1081.029571%,1051.094830%,1035.991008%,1112.706119%,1100.305344%,1101.461429%,1096.635173%,1106.098140%,1134.076517%,1099.082851%,1130.080715%,1106.093406%,1100.490244%,1076.113895%,1136.154107%,1138.245540%,1132.320108%
1488,64.500507%,152.363155%,209.330006%,253.218174%,368.178992%,344.595359%,399.363892%,445.018444%,482.928375%,542.731593%,518.261824%,540.529010%,576.598194%,597.500510%,696.504047%,712.326513%,653.874543%,700.813580%,713.889818%,762.071209%,818.315398%,715.027058%,759.108687%,813.598998%,806.703418%,849.768033%,789.848585%,822.657690%,826.874326%,809.256758%,684.264629%,893.781632%,843.174170%,849.055164%,920.701658%,912.777344%,920.246427%,859.378957%,924.389799%,939.105147%,935.197895%,922.760041%,893.438263%,947.470994%,977.908720%,979.353784%,1050.017419%,1045.148691%,945.369508%,943.325579%,982.868915%,964.122810%,1024.988285%,1001.253678%,995.325008%,1059.012166%,1023.839886%,1037.257922%,1033.986630%,1042.093773%,1021.367274%,1039.524906%,1031.183436%,1045.515809%,1109.541919%,1053.950092%,1073.723695%,1041.482462%,1126.167545%,1088.301926%,1050.728574%,1063.051835%,1131.195292%,1090.816387%,1093.319848%,1053.929710%,1094.836339%,1123.437117%,1151.198415%,1137.438466%
1512,69.106993%,140.204465%,216.354635%,290.853021%,365.691067%,341.152027%,215.367701%,441.217305%,498.761846%,551.539864%,501.073041%,541.083223%,598.881867%,654.677196%,710.302399%,738.136062%,656.153413%,700.057956%,699.107936%,722.533032%,802.427348%,747.124710%,779.075344%,782.457612%,833.375820%,837.820274%,773.407601%,826.650098%,865.367456%,882.400010%,937.581809%,930.187066%,875.360263%,882.191966%,919.344666%,903.848347%,953.194154%,908.385608%,926.204901%,920.987653%,966.822476%,1000.769860%,907.706264%,979.810950%,988.497763%,1021.986942%,1016.788164%,1036.635827%,961.737541%,1030.710855%,1033.348161%,1018.101064%,1071.582566%,1002.254437%,1008.234300%,1072.573896%,1042.707960%,1067.813980%,1019.992202%,1042.219355%,1076.826125%,1109.868062%,1117.206983%,1071.765049%,1059.798233%,1056.853888%,924.669680%,1075.014771%,1063.082824%,1087.073779%,1112.402464%,1062.680136%,1098.668103%,1132.750082%,1076.903582%,1145.839765%,1075.687086%,1098.389474%,1147.903286%,1123.476976%
1536,69.048837%,137.918359%,192.544163%,275.172982%,341.231793%,344.857042%,390.553097%,456.912717%,479.807369%,521.434156%,537.626480%,530.794120%,556.983685%,624.496491%,609.293360%,680.232268%,622.765550%,666.384467%,714.310136%,723.584091%,766.127150%,700.200637%,602.440332%,773.544364%,824.908366%,823.928212%,811.450646%,820.691289%,850.950351%,868.128442%,898.077521%,945.318541%,878.396136%,896.726633%,933.043149%,905.371452%,984.022160%,885.375089%,910.254423%,931.179142%,979.072726%,1009.033668%,932.582000%,945.117690%,984.944883%,980.770582%,1033.189132%,1064.241997%,1006.233161%,1035.949680%,1052.193676%,1020.680030%,1067.193766%,980.732917%,998.469531%,1046.882543%,1035.931864%,1087.825027%,1034.118809%,1031.965484%,1011.890149%,1093.673350%,1040.050011%,1088.404908%,1052.481776%,944.664232%,1114.748349%,1111.756096%,1119.896737%,1083.992961%,1084.808228%,1079.993243%,1071.227722%,1130.795993%,1127.839734%,1142.030914%,1135.589743%,1095.716691%,1142.727992%,1161.641854%
1560,65.318513%,142.207232%,205.052723%,289.492942%,342.825592%,344.478194%,396.664607%,437.392479%,494.576806%,548.872856%,446.738666%,519.493697%,558.041146%,603.664588%,637.482625%,714.001891%,634.992134%,705.348338%,682.076945%,760.684845%,681.578361%,716.360432%,745.238328%,755.364709%,779.800054%,824.017071%,797.071538%,872.756154%,811.655437%,865.110919%,904.828212%,906.948551%,840.800914%,855.322959%,892.319525%,936.787853%,911.610605%,912.472687%,912.074488%,952.663802%,981.413057%,980.187647%,887.540422%,961.641263%,959.844743%,972.584335%,988.680430%,1028.149947%,931.637790%,981.973257%,969.538548%,1042.265026%,1078.326803%,945.627755%,991.607757%,1012.906723%,989.233364%,1098.139151%,1018.059154%,1023.088315%,1014.432102%,1077.097148%,1057.583017%,1060.378370%,1033.184295%,1060.416618%,1030.173392%,1097.486309%,1117.928058%,1040.778338%,1046.963243%,1089.408836%,1086.834211%,1089.561474%,1092.150808%,1066.035087%,1077.879851%,1125.742310%,1108.705223%,1160.801077%
1584,67.236098%,145.912563%,223.838810%,284.993100%,377.588293%,330.832916%,375.280317%,439.280497%,508.763698%,533.017023%,494.296448%,554.616412%,573.376078%,600.161113%,656.669908%,683.265243%,635.536634%,689.663930%,659.119638%,719.499851%,779.599638%,559.468936%,776.047015%,796.086291%,820.337004%,878.194910%,827.941426%,833.045016%,847.495425%,901.298925%,907.849672%,924.760869%,848.811922%,874.036632%,950.300940%,926.301213%,967.127965%,907.747940%,913.052319%,936.429532%,968.679318%,985.070980%,965.518005%,933.776230%,970.694388%,1011.105847%,1026.985276%,1052.825872%,977.530909%,992.426988%,1015.312831%,1013.433363%,1049.811005%,968.707307%,1024.220645%,1045.386199%,1057.728183%,1092.460374%,1024.531560%,1047.052158%,1034.026496%,1075.477490%,1019.976921%,1090.786209%,1061.930131%,1059.554172%,1082.806964%,1088.882397%,1128.734171%,1080.349502%,1058.610494%,1098.086484%,1102.321901%,1128.269437%,1067.001602%,1124.634373%,1007.101944%,1148.044315%,1138.162210%,1179.080412%
1608,77.107480%,148.068375%,220.354231%,284.892591%,383.303332%,358.123256%,399.242066%,435.099539%,524.728956%,564.866130%,539.419645%,571.244073%,442.357550%,645.107098%,692.880546%,703.709236%,645.907826%,690.128498%,685.696611%,762.771175%,757.284983%,732.660086%,588.158220%,825.249503%,789.361295%,837.224583%,820.048608%,802.733410%,856.608869%,907.876565%,921.012317%,962.236448%,864.461774%,867.011430%,907.717458%,973.019353%,976.429615%,929.358390%,944.055515%,940.485475%,957.947862%,974.566879%,940.197538%,994.679778%,984.489168%,1020.562583%,1016.792580%,1060.383986%,983.973297%,971.403021%,1037.483644%,1051.160202%,1038.234030%,1016.543754%,837.790259%,1012.282666%,1030.486751%,1039.997658%,1024.222912%,1015.227375%,1060.364599%,1053.830716%,1074.836641%,1065.987597%,1042.488227%,1042.771859%,857.654030%,1134.270917%,1122.679914%,1088.256808%,1156.881239%,1118.177394%,1104.852736%,1095.507062%,1113.728306%,1100.848384%,1110.492802%,1121.706049%,1137.796169%,1142.171413%
1632,70.642542%,154.749929%,221.570654%,299.116059%,392.829271%,329.997314%,398.847322%,442.733972%,508.082699%,561.935851%,494.403509%,555.736804%,607.293702%,637.236911%,697.086020%,708.382274%,676.669646%,679.643438%,729.401560%,745.734879%,794.753645%,719.947927%,782.480263%,809.887485%,836.873857%,872.388178%,815.974973%,834.821331%,837.876082%,883.060637%,932.342505%,948.893374%,850.961756%,893.984539%,932.242290%,962.073587%,953.500935%,910.728496%,925.296371%,925.562667%,962.962738%,991.173061%,933.937428%,964.908897%,969.594550%,1005.390105%,1021.566056%,1045.758222%,976.822484%,1045.777601%,1026.525762%,1030.265897%,1034.970380%,1009.336311%,1074.681280%,1046.454435%,1075.432844%,1088.597575%,995.289423%,1026.373741%,1015.957007%,1092.745512%,1111.386809%,1068.702817%,1064.974534%,1065.749041%,1072.491805%,1095.502801%,1121.789680%,1110.403717%,1087.629478%,1079.305904%,1073.227501%,930.845635%,1075.193180%,1086.759893%,1094.697991%,1113.353169%,1100.965304%,1123.566588%
1656,74.372675%,132.522159%,218.377676%,297.619457%,367.194213%,347.274941%,390.940200%,438.214451%,512.399220%,555.650945%,489.578508%,567.501612%,583.932152%,629.284467%,661.725316%,707.877242%,682.349568%,679.515170%,741.779973%,768.665202%,800.644785%,449.755915%,767.623927%,785.332322%,806.157539%,869.514620%,804.630784%,815.078034%,828.341423%,859.626998%,895.899251%,618.779039%,836.412540%,878.462225%,899.156277%,910.216794%,951.070213%,892.983060%,899.226796%,923.403749%,997.832727%,951.658315%,918.074649%,979.175829%,919.908790%,959.809112%,956.577647%,1021.544120%,937.961138%,998.397707%,1001.727527%,1010.221884%,1046.460021%,965.717832%,990.630164%,1010.871231%,1003.656039%,1029.574073%,941.224921%,782.919293%,1063.146123%,1068.580384%,1073.277779%,1085.334681%,1049.096126%,1076.720531%,1075.146475%,1081.130074%,1130.121171%,1078.657802%,1070.999437%,1065.580519%,1081.921953%,1111.750327%,1108.512106%,1096.034223%,1101.351438%,1118.886359%,1147.325532%,1138.079402%
1680,76.618605%,152.445011%,214.308992%,292.029287%,353.781966%,356.864097%,398.610393%,260.515880%,486.559870%,556.420506%,495.978707%,541.765954%,594.506000%,386.871435%,652.936829%,761.537976%,633.787177%,699.334383%,726.346228%,738.078305%,772.820137%,706.965679%,764.140143%,784.303833%,821.718685%,849.860863%,782.932364%,844.333689%,883.205199%,866.670312%,909.714931%,928.139363%,880.094842%,890.965065%,902.938654%,914.386254%,960.868584%,905.266174%,915.888079%,949.368032%,964.579864%,983.510372%,943.465358%,952.147392%,975.400293%,1024.603837%,1018.121304%,1043.945786%,954.586617%,959.337115%,1013.991497%,1010.217105%,1063.182924%,982.451070%,1055.808635%,1017.166733%,1046.687409%,1070.668580%,978.247770%,1034.481183%,1068.965391%,1081.007802%,1087.503287%,1132.656011%,1037.290695%,1111.919717%,1072.501299%,1084.692254%,1125.455759%,1107.724288%,1081.202195%,1135.867804%,1089.868586%,777.703769%,1032.904489%,1057.887257%,1093.707159%,1088.820092%,1109.250407%,1157.785490%
1704,68.447716%,145.095609%,194.920200%,300.276615%,364.645661%,359.702458%,380.621980%,428.132405%,510.944129%,577.253341%,506.073241%,571.315190%,599.141939%,638.912114%,688.017772%,714.965572%,398.871341%,679.544261%,761.375917%,791.648836%,796.508847%,768.506393%,766.240064%,789.083320%,885.880644%,863.765561%,778.424884%,806.570012%,848.402859%,872.410661%,849.143770%,920.687903%,852.331731%,891.484980%,905.626963%,898.026899%,950.897563%,889.044495%,902.732021%,934.250542%,987.951589%,978.453880%,950.164760%,973.921699%,930.763432%,963.195784%,1018.561567%,1050.126309%,974.069534%,968.132483%,1055.800160%,1001.482998%,1057.025758%,1020.407460%,1041.197309%,1028.607520%,1041.384717%,1116.926593%,1088.217105%,1052.797132%,1040.803941%,1116.485053%,1065.964725%,1069.817329%,1037.339307%,1082.446571%,1138.348818%,1120.982221%,1115.200186%,1042.127141%,1101.062273%,1076.573959%,1055.390555%,1116.724168%,1049.006745%,1067.636166%,860.799747%,1074.676760%,1107.297004%,1090.554684%
1728,75.992683%,146.289923%,217.326242%,303.404702%,367.826368%,337.339830%,401.992661%,454.129267%,505.735411%,542.703847%,306.912076%,560.913401%,605.920096%,612.700728%,674.774993%,762.032236%,641.674741%,724.997733%,757.960623%,771.098585%,812.863820%,715.041768%,802.266493%,799.097518%,812.608839%,846.133191%,816.920355%,826.258830%,843.225575%,869.808007%,886.287289%,936.275014%,858.014415%,889.263712%,890.968605%,941.528586%,995.024276%,893.270304%,926.277205%,935.988879%,973.286456%,999.577669%,836.684251%,938.112648%,960.075098%,948.008741%,987.280873%,1027.902122%,939.815641%,1022.417903%,1003.412643%,1010.161187%,1020.290751%,972.063364%,1018.314837%,978.783457%,1015.415647%,1046.899164%,988.029344%,1021.816183%,1025.569333%,1047.951386%,1086.973873%,1080.961692%,1019.830462%,1008.209109%,1062.854180%,1049.666812%,1086.511441%,1039.674677%,1068.998450%,1089.664327%,1045.032877%,1076.104348%,1006.583252%,1074.974937%,1111.565381%,1116.456992%,1091.048321%,1145.913380%
1752,73.431313%,158.580683%,240.120523%,294.029782%,385.340377%,343.897032%,397.682697%,460.902322%,507.324813%,567.057245%,303.046415%,535.455199%,591.861130%,648.215540%,685.438746%,746.460648%,658.413084%,719.507187%,710.689336%,771.124109%,756.073228%,726.712246%,780.240104%,813.089330%,848.765245%,851.319287%,797.895896%,841.041513%,841.942060%,852.351896%,906.304677%,929.823886%,859.042752%,876.882827%,883.962171%,894.192094%,943.940388%,917.125657%,953.168665%,945.492498%,938.160268%,963.171303%,912.158966%,930.805557%,970.528741%,974.434795%,1015.330774%,1050.080905%,994.887286%,1001.599479%,1004.895646%,1047.610517%,1058.705228%,1007.853968%,1042.368973%,1043.164663%,1020.845055%,1069.047272%,1020.758395%,1030.229202%,1043.107633%,1040.214958%,1079.994303%,1109.843239%,1078.601083%,1013.605876%,1066.803898%,1062.208848%,1123.352096%,1067.300006%,1137.093528%,1077.925536%,1089.574211%,1105.924832%,1068.414359%,1104.215440%,1129.619674%,1135.425067%,1139.205177%,1120.741764%
1776,75.193128%,154.863920%,232.292477%,323.280358%,385.952319%,367.516789%,419.298145%,452.342494%,541.875282%,585.235199%,505.347397%,560.023026%,611.792188%,640.277855%,682.112919%,716.667481%,646.321608%,724.085723%,755.310805%,783.469013%,804.140664%,750.923862%,778.358062%,809.275200%,848.109817%,863.215874%,790.032537%,818.547585%,842.918183%,891.898456%,909.519136%,928.427747%,848.488248%,860.804646%,894.833894%,926.401535%,993.007855%,885.515586%,903.040178%,940.821427%,956.206219%,949.746130%,978.516707%,959.543951%,960.356799%,986.596757%,1003.892422%,1038.818963%,974.847368%,998.840995%,985.051572%,1105.088140%,1012.692121%,1006.675078%,1019.922898%,1054.510137%,1052.168071%,1053.037703%,1006.908161%,1045.659197%,1036.600801%,1044.442434%,1026.838600%,1063.763242%,1006.669724%,620.065576%,1063.269263%,1064.804602%,1120.276735%,1032.082521%,1063.495477%,1073.896973%,1055.780988%,1073.812946%,1097.522046%,1041.644992%,1116.087680%,1111.305442%,1087.744969%,1097.919137%
1800,69.727536%,151.740621%,225.976879%,290.790498%,376.032989%,344.272571%,411.803922%,451.575664%,487.813829%,596.886089%,507.163910%,503.843795%,574.073762%,623.464099%,672.193853%,745.548732%,632.725415%,689.008952%,697.165313%,727.919077%,807.667904%,719.681868%,743.484931%,775.043422%,831.243319%,819.125733%,782.655761%,795.330785%,846.206288%,872.246656%,893.442162%,980.560489%,533.941958%,905.390422%,940.546915%,954.290603%,964.948731%,927.178884%,923.902080%,522.371690%,957.401589%,960.685441%,884.899315%,915.840942%,926.047580%,1006.975690%,984.570713%,1016.146598%,941.773401%,980.650372%,659.969246%,1020.392346%,1036.853858%,983.367342%,981.431186%,1005.106158%,1024.014771%,1074.690646%,1054.136635%,1024.389420%,1041.198706%,1052.035657%,1066.360033%,1086.962531%,1002.053621%,1039.120782%,1069.464478%,1085.990164%,1136.108477%,1082.006397%,645.376471%,1067.251692%,1092.272802%,1090.382346%,1107.982443%,1054.195044%,1062.878341%,1115.367887%,1138.183532%,1078.646194%
1824,77.919165%,152.045832%,203.786134%,300.678733%,375.450595%,332.879460%,404.737169%,464.015367%,529.401094%,533.732023%,503.124901%,527.234792%,639.870067%,602.629913%,672.673596%,725.477531%,421.720885%,720.302471%,757.274652%,759.443026%,788.479216%,746.347551%,513.022180%,784.470548%,811.705085%,840.626911%,827.185701%,780.169340%,835.203263%,875.565748%,877.045387%,931.881659%,818.662494%,888.080892%,883.498210%,801.710903%,941.036008%,876.288367%,916.411792%,906.142901%,978.602596%,965.130563%,939.870384%,947.102840%,970.151307%,1040.413193%,1031.877745%,1050.573343%,1006.679915%,1013.056150%,1020.328555%,1025.618099%,1024.718253%,883.243350%,955.930506%,1005.732037%,982.488790%,1062.666550%,970.700654%,1044.412617%,986.339395%,1029.177119%,768.520212%,1076.833858%,1003.460876%,1068.518775%,1062.475654%,1061.286732%,1099.862927%,1094.633489%,1063.939738%,1105.306991%,1081.182841%,1102.467286%,1023.591102%,1124.291927%,1110.210885%,1100.754476%,1119.106331%,723.595206%
1848,74.464803%,151.974905%,240.798590%,167.544637%,393.319632%,345.276611%,410.123192%,473.107043%,515.005312%,584.850757%,525.281710%,571.759835%,601.204257%,665.582692%,695.174184%,741.601950%,443.211430%,704.972835%,686.587206%,744.199626%,806.675527%,719.344160%,778.577064%,795.232073%,768.669441%,867.571977%,789.409457%,809.321473%,769.450688%,828.830702%,879.330435%,918.456857%,838.842764%,913.331939%,899.330540%,928.650811%,931.144113%,882.185686%,899.466388%,910.251207%,620.998319%,957.472996%,930.702955%,939.389424%,987.542075%,985.321807%,1028.721678%,1058.923563%,664.333054%,916.185368%,1001.053851%,1037.768401%,1022.014322%,963.763906%,995.471076%,995.146969%,1022.205648%,1044.760700%,1012.243449%,968.340408%,1023.402053%,1018.595654%,1044.328124%,1065.309794%,986.494928%,1035.926060%,1085.058946%,1071.752410%,1057.019953%,992.660832%,989.305833%,1085.006776%,1069.315701%,1140.944026%,1070.469175%,1031.026733%,1079.431128%,1125.375208%,1105.111712%,1159.597979%
1872,77.673201%,155.451618%,234.281565%,320.098535%,352.798999%,338.669328%,411.046039%,434.869643%,504.724514%,572.455181%,486.591924%,524.460896%,621.302338%,663.780005%,675.538802%,716.049277%,648.457104%,675.741863%,720.468181%,755.955592%,788.092757%,503.113086%,768.658759%,806.613610%,797.831322%,869.463933%,775.041989%,808.434690%,838.239626%,882.358790%,890.888017%,935.789013%,854.491910%,910.628676%,920.631112%,932.269707%,938.458897%,890.351370%,898.171886%,935.420113%,939.369774%,984.643900%,897.545930%,963.218094%,967.009614%,990.392711%,1023.675436%,730.086356%,990.447197%,942.941300%,1019.775290%,1027.822913%,1030.226800%,972.559119%,926.414961%,978.346089%,828.319940%,1094.148098%,1000.678027%,1018.478743%,1014.920817%,1040.427612%,1046.468695%,1038.796679%,1033.178442%,1043.268103%,1061.459683%,619.606117%,1054.273772%,1025.226516%,1005.416497%,1070.687052%,1065.468830%,1107.700058%,1002.505874%,1041.428646%,1051.282526%,1055.479032%,1103.082854%,1128.114746%
1896,75.600818%,163.112724%,246.894757%,166.411186%,442.410346%,356.335509%,397.367128%,435.454808%,511.978278%,610.882400%,519.883099%,574.357923%,598.368615%,649.495296%,729.015657%,757.229548%,659.150793%,651.902745%,739.449419%,769.648534%,817.947293%,727.238749%,761.421374%,791.089293%,828.605236%,849.356369%,800.233405%,817.727893%,845.656333%,886.721538%,927.290550%,949.321077%,884.818825%,884.533597%,915.292690%,934.480952%,938.070045%,908.958423%,917.622415%,924.297809%,971.451919%,981.430997%,920.850064%,974.271067%,965.843028%,975.157081%,1007.834565%,1017.369392%,923.214516%,1006.419007%,1007.140008%,1002.046848%,1048.054610%,1000.775793%,698.192263%,999.866395%,1026.592128%,1015.676565%,981.411392%,961.013854%,1021.525290%,1022.788580%,1001.203854%,1059.822894%,1017.482367%,1025.721536%,1035.394227%,1081.723961%,1063.513902%,1008.392407%,1053.547284%,1012.719900%,1057.505271%,1052.260804%,1025.288720%,1046.630746%,1053.663078%,1108.169703%,1132.387568%,1112.680201%
1920,71.022107%,155.017979%,231.180886%,295.925070%,378.469962%,363.856111%,229.590346%,476.512131%,537.793288%,613.558811%,558.097593%,585.165381%,606.043131%,659.165330%,676.098619%,731.397824%,671.769295%,702.200631%,737.149563%,784.296955%,834.216830%,746.192729%,739.249038%,782.367445%,841.829269%,852.701209%,825.278020%,846.670423%,863.529851%,883.130927%,897.895416%,899.200871%,874.722809%,866.070549%,905.964000%,940.328103%,981.498358%,898.703229%,933.575257%,972.217181%,964.574099%,656.706102%,924.340508%,948.184812%,926.067737%,957.449457%,996.595910%,1024.552031%,898.127104%,978.949869%,995.054483%,1006.628876%,1000.445947%,948.634773%,989.845675%,1004.677818%,1018.256971%,1063.385999%,965.006803%,1016.010419%,974.935061%,1035.372608%,1043.698779%,1037.976256%,1032.923733%,992.617374%,1048.555100%,1028.555961%,1071.711821%,1039.334640%,1001.605592%,1049.260895%,1005.700330%,1091.030886%,1019.855195%,1007.390592%,1062.845627%,1101.747280%,1100.482800%,1100.621854%
